ticker,name,sector,marketcap,buy_count,sell_count,total,buy_rate,bias_score,marketcap_group
A,"Agilent Technologies, Inc.",Healthcare,36112201581,4,6,10,40.0,-20.0,Q2
AAPL,Apple Inc.,Technology,2300593800981,7,3,10,70.0,40.0,Q1
ABBV,AbbVie Inc.,Healthcare,239323703800,9,1,10,90.0,80.0,Q1
ABT,Abbott Laboratories,Healthcare,189701565145,7,3,10,70.0,40.0,Q1
ACN,Accenture plc,Technology,182156251322,8,2,10,80.0,60.0,Q1
ADBE,Adobe Inc.,Technology,200510228293,7,3,10,70.0,40.0,Q1
ADI,"Analog Devices, Inc.",Technology,82895843942,7,3,10,70.0,40.0,Q1
ADM,Archer-Daniels-Midland Company,Consumer Defensive,31240039025,6,4,10,60.0,20.0,Q3
ADP,"Automatic Data Processing, Inc.",Industrials,87044708963,6,4,10,60.0,20.0,Q1
ADSK,"Autodesk, Inc.",Technology,50676093311,6,4,10,60.0,20.0,Q2
AEE,Ameren Corporation,Utilities,22197244312,9,1,10,90.0,80.0,Q3
AEP,"American Electric Power Company, Inc.",Utilities,47176707534,6,4,10,60.0,20.0,Q2
AES,The AES Corporation,Utilities,14817320948,6,4,10,60.0,20.0,Q4
AFL,Aflac Incorporated,Financial Services,34828789098,4,6,10,40.0,-20.0,Q2
AIG,"American International Group, Inc.",Financial Services,31656270023,5,5,10,50.0,0.0,Q3
AIZ,"Assurant, Inc.",Financial Services,7623634539,6,4,10,60.0,20.0,Q4
AJG,Arthur J. Gallagher & Co.,Financial Services,45835324975,7,3,10,70.0,40.0,Q2
AKAM,"Akamai Technologies, Inc.",Technology,14430651015,9,1,10,90.0,80.0,Q4
ALB,Albemarle Corporation,Basic Materials,19459019554,10,0,10,100.0,100.0,Q3
ALGN,"Align Technology, Inc.",Healthcare,25985956510,8,2,10,80.0,60.0,Q3
ALL,The Allstate Corporation,Financial Services,34102183356,5,5,10,50.0,0.0,Q2
ALLE,Allegion plc,Industrials,10098112161,8,2,10,80.0,60.0,Q4
AMAT,"Applied Materials, Inc.",Technology,101373288230,8,2,10,80.0,60.0,Q1
AMCR,Amcor plc,Consumer Cyclical,24882822564,4,6,10,40.0,-20.0,Q3
AMD,"Advanced Micro Devices, Inc.",Technology,168036575313,7,3,10,70.0,40.0,Q1
AME,"AMETEK, Inc.",Industrials,31257145848,6,4,10,60.0,20.0,Q3
AMGN,Amgen Inc.,Healthcare,135676292655,6,4,10,60.0,20.0,Q1
AMP,"Ameriprise Financial, Inc.",Financial Services,28023982678,5,5,10,50.0,0.0,Q3
AMT,American Tower Corporation,Real Estate,106687197811,7,3,10,70.0,40.0,Q1
AMZN,"Amazon.com, Inc.",Consumer Cyclical,1556958676633,6,3,9,66.66666666666666,33.33333333333333,Q1
ANET,"Arista Networks, Inc.",Technology,48273239190,6,4,10,60.0,20.0,Q2
ANSS,"ANSYS, Inc.",Technology,27387103251,9,1,10,90.0,80.0,Q3
AON,Aon plc,Financial Services,60096486748,5,5,10,50.0,0.0,Q2
AOS,A. O. Smith Corporation,Industrials,7655031697,4,6,10,40.0,-20.0,Q4
APA,APA Corporation,Energy,10258211670,2,7,9,22.22222222222222,-55.55555555555556,Q4
APD,"Air Products and Chemicals, Inc.",Basic Materials,60355120836,6,4,10,60.0,20.0,Q2
APH,Amphenol Corporation,Technology,49009183735,7,3,10,70.0,40.0,Q2
APTV,Aptiv PLC,Consumer Cyclical,22541025679,6,4,10,60.0,20.0,Q3
ARE,"Alexandria Real Estate Equities, Inc.",Real Estate,26112641544,4,5,9,44.44444444444444,-11.11111111111111,Q3
ATO,Atmos Energy Corporation,Utilities,17454991286,8,2,10,80.0,60.0,Q4
AVB,"AvalonBay Communities, Inc.",Real Estate,27524435843,4,6,10,40.0,-20.0,Q3
AVGO,Broadcom Inc.,Technology,344320558320,8,2,10,80.0,60.0,Q1
AVY,Avery Dennison Corporation,Industrials,14038884942,7,3,10,70.0,40.0,Q4
AWK,"American Water Works Company, Inc.",Utilities,28285122257,8,1,9,88.88888888888889,77.77777777777779,Q3
AXP,American Express Company,Financial Services,116151518307,9,1,10,90.0,80.0,Q1
AZO,"AutoZone, Inc.",Consumer Cyclical,34536739844,7,3,10,70.0,40.0,Q2
BA,The Boeing Company,Industrials,147432026066,8,2,10,80.0,60.0,Q1
BAC,Bank of America Corporation,Financial Services,260862317279,9,1,10,90.0,80.0,Q1
BALL,Ball Corporation,Consumer Cyclical,19581262588,7,3,10,70.0,40.0,Q3
BAX,Baxter International Inc.,Healthcare,31873512054,4,6,10,40.0,-20.0,Q3
BBY,"Best Buy Co., Inc.",Consumer Cyclical,18990996474,7,2,9,77.77777777777779,55.55555555555556,Q3
BDX,"Becton, Dickinson and Company",Healthcare,70031008712,1,9,10,10.0,-80.0,Q2
BEN,"Franklin Resources, Inc.",Financial Services,13575808438,5,5,10,50.0,0.0,Q4
BIIB,Biogen Inc.,Healthcare,37611332774,9,1,10,90.0,80.0,Q2
BK,The Bank of New York Mellon Corporation,Financial Services,35125349843,1,9,10,10.0,-80.0,Q2
BKNG,Booking Holdings Inc.,Consumer Cyclical,83765273065,7,3,10,70.0,40.0,Q1
BKR,Baker Hughes Company,Energy,26920687822,5,5,10,50.0,0.0,Q3
BLK,"BlackRock, Inc.",Financial Services,113139922553,8,2,10,80.0,60.0,Q1
BMY,Bristol-Myers Squibb Company,Healthcare,125700298245,6,3,9,66.66666666666666,33.33333333333333,Q1
BR,"Broadridge Financial Solutions, Inc.",Technology,19120366450,6,4,10,60.0,20.0,Q3
BSX,Boston Scientific Corporation,Healthcare,73443122043,8,2,10,80.0,60.0,Q1
BWA,BorgWarner Inc.,Consumer Cyclical,7887352623,8,2,10,80.0,60.0,Q4
BXP,"Boston Properties, Inc.",Real Estate,13804172163,7,2,9,77.77777777777779,55.55555555555556,Q4
C,Citigroup Inc.,Financial Services,105481191220,3,7,10,30.0,-40.0,Q1
CAG,"Conagra Brands, Inc.",Consumer Defensive,15853635839,5,5,10,50.0,0.0,Q4
CAH,"Cardinal Health, Inc.",Healthcare,17340661993,4,6,10,40.0,-20.0,Q4
CAT,Caterpillar Inc.,Industrials,108597879261,6,4,10,60.0,20.0,Q1
CB,Chubb Limited,Financial Services,78317776819,3,7,10,30.0,-40.0,Q1
CBOE,"Cboe Global Markets, Inc.",Financial Services,13956079500,8,2,10,80.0,60.0,Q4
CBRE,"CBRE Group, Inc.",Real Estate,24132258409,6,3,9,66.66666666666666,33.33333333333333,Q3
CCI,Crown Castle Inc.,Real Estate,63501317401,7,3,10,70.0,40.0,Q2
CCL,Carnival Corporation & plc,Consumer Cyclical,20908532203,6,4,10,60.0,20.0,Q3
CDNS,"Cadence Design Systems, Inc.",Technology,49981025881,10,0,10,100.0,100.0,Q2
CDW,CDW Corporation,Technology,23323133691,6,4,10,60.0,20.0,Q3
CE,Celanese Corporation,Basic Materials,13864507659,3,7,10,30.0,-40.0,Q4
CF,"CF Industries Holdings, Inc.",Basic Materials,10890152388,5,5,10,50.0,0.0,Q4
CFG,"Citizens Financial Group, Inc.",Financial Services,15936200282,5,5,10,50.0,0.0,Q4
CHD,"Church & Dwight Co., Inc.",Consumer Defensive,22218918231,2,8,10,20.0,-60.0,Q3
CHRW,"C.H. Robinson Worldwide, Inc.",Industrials,11038992526,5,5,10,50.0,0.0,Q4
CHTR,"Charter Communications, Inc.",Communication Services,65967031994,4,5,9,44.44444444444444,-11.11111111111111,Q2
CI,Cigna Corporation,Healthcare,69629552037,6,4,10,60.0,20.0,Q2
CINF,Cincinnati Financial Corporation,Financial Services,16842994502,5,5,10,50.0,0.0,Q4
CL,Colgate-Palmolive Company,Consumer Defensive,65058226161,5,5,10,50.0,0.0,Q2
CLX,The Clorox Company,Consumer Defensive,20268567565,5,5,10,50.0,0.0,Q3
CMCSA,Comcast Corporation,Communication Services,164020888353,5,5,10,50.0,0.0,Q1
CME,CME Group Inc.,Financial Services,72000759999,7,3,10,70.0,40.0,Q1
CMG,"Chipotle Mexican Grill, Inc.",Consumer Cyclical,48045899619,7,3,10,70.0,40.0,Q2
CMI,Cummins Inc.,Industrials,32408499610,4,6,10,40.0,-20.0,Q3
CMS,CMS Energy Corporation,Utilities,18517636512,5,5,10,50.0,0.0,Q3
CNC,Centene Corporation,Healthcare,35331440607,4,5,9,44.44444444444444,-11.11111111111111,Q2
CNP,"CenterPoint Energy, Inc.",Utilities,17326277895,9,1,10,90.0,80.0,Q4
COF,Capital One Financial Corporation,Financial Services,75864161925,6,4,10,60.0,20.0,Q1
COO,"The Cooper Companies, Inc.",Healthcare,17995041789,7,3,10,70.0,40.0,Q4
COP,ConocoPhillips,Energy,108129181333,8,2,10,80.0,60.0,Q1
COR,"Cencora, Inc.",Healthcare,29887537150,7,3,10,70.0,40.0,Q3
COST,Costco Wholesale Corporation,Consumer Defensive,232164086392,9,1,10,90.0,80.0,Q1
CPAY,"Corpay, Inc.",Technology,17945325947,5,5,10,50.0,0.0,Q4
CPB,Campbell Soup Company,Consumer Defensive,14016084309,6,4,10,60.0,20.0,Q4
CPRT,"Copart, Inc.",Consumer Cyclical,35277161885,6,3,9,66.66666666666666,33.33333333333333,Q2
CRM,"Salesforce, Inc.",Technology,212524998234,7,3,10,70.0,40.0,Q1
CSCO,"Cisco Systems, Inc.",Technology,195162504013,6,4,10,60.0,20.0,Q1
CSX,CSX Corporation,Industrials,58542149273,3,7,10,30.0,-40.0,Q2
CTAS,Cintas Corporation,Industrials,46152527392,4,5,9,44.44444444444444,-11.11111111111111,Q2
CTRA,Coterra Energy Inc.,Energy,17594428855,9,1,10,90.0,80.0,Q4
CTSH,Cognizant Technology Solutions Corporation,Technology,34712200269,7,2,9,77.77777777777779,55.55555555555556,Q2
CTVA,"Corteva, Inc.",Basic Materials,32995769805,8,2,10,80.0,60.0,Q2
CVS,CVS Health Corporation,Healthcare,97160834755,8,2,10,80.0,60.0,Q1
CVX,Chevron Corporation,Energy,230072337864,7,3,10,70.0,40.0,Q1
D,"Dominion Energy, Inc.",Utilities,57348415599,3,5,8,37.5,-25.0,Q2
DAL,"Delta Air Lines, Inc.",Industrials,26132961758,6,4,10,60.0,20.0,Q3
DD,"DuPont de Nemours, Inc.",Basic Materials,28967459218,9,1,10,90.0,80.0,Q3
DE,Deere & Company,Industrials,92081667516,7,3,10,70.0,40.0,Q1
DFS,Discover Financial Services,Financial Services,25867721324,8,2,10,80.0,60.0,Q3
DG,Dollar General Corporation,Consumer Defensive,40763372905,7,2,9,77.77777777777779,55.55555555555556,Q2
DGX,Quest Diagnostics Incorporated,Healthcare,14911374695,5,5,10,50.0,0.0,Q4
DHI,"D.R. Horton, Inc.",Consumer Cyclical,30728424110,4,6,10,40.0,-20.0,Q3
DHR,Danaher Corporation,Healthcare,159999126753,8,2,10,80.0,60.0,Q1
DIS,The Walt Disney Company,Communication Services,219870690451,5,5,10,50.0,0.0,Q1
DLR,"Digital Realty Trust, Inc.",Real Estate,46296792344,6,3,9,66.66666666666666,33.33333333333333,Q2
DLTR,"Dollar Tree, Inc.",Consumer Defensive,24612895621,8,1,9,88.88888888888889,77.77777777777779,Q3
DOC,"Healthpeak Properties, Inc.",Real Estate,18325361883,6,4,10,60.0,20.0,Q3
DOV,Dover Corporation,Industrials,19789589184,5,5,10,50.0,0.0,Q3
DOW,Dow Inc.,Basic Materials,37794371197,6,3,9,66.66666666666666,33.33333333333333,Q2
DRI,"Darden Restaurants, Inc.",Consumer Cyclical,15818576659,6,3,9,66.66666666666666,33.33333333333333,Q4
DTE,DTE Energy Company,Utilities,23231701018,9,1,10,90.0,80.0,Q3
DUK,Duke Energy Corporation,Utilities,76203410158,7,3,10,70.0,40.0,Q1
DVA,DaVita Inc.,Healthcare,7994013181,7,2,9,77.77777777777779,55.55555555555556,Q4
DVN,Devon Energy Corporation,Energy,25582800300,6,4,10,60.0,20.0,Q3
EA,Electronic Arts Inc.,Technology,32973467027,5,5,10,50.0,0.0,Q2
EBAY,eBay Inc.,Consumer Cyclical,23869952066,5,5,10,50.0,0.0,Q3
ECL,Ecolab Inc.,Basic Materials,56090171978,8,2,10,80.0,60.0,Q2
ED,"Consolidated Edison, Inc.",Utilities,31250125974,8,2,10,80.0,60.0,Q3
EFX,Equifax Inc.,Industrials,26387350129,5,4,9,55.55555555555556,11.11111111111111,Q3
EG,"Everest Re Group, Ltd.",Financial Services,12840272373,3,7,10,30.0,-40.0,Q4
EIX,Edison International,Utilities,25315564202,7,3,10,70.0,40.0,Q3
EL,The Estée Lauder Companies Inc.,Consumer Defensive,50446394962,6,3,9,66.66666666666666,33.33333333333333,Q2
ELV,Elevance Health Inc.,Healthcare,94756491623,7,3,10,70.0,40.0,Q1
EMN,Eastman Chemical Company,Basic Materials,10718448485,5,5,10,50.0,0.0,Q4
EMR,Emerson Electric Co.,Industrials,50429822568,6,4,10,60.0,20.0,Q2
EOG,"EOG Resources, Inc.",Energy,53814820326,6,0,6,100.0,100.0,Q2
EQIX,"Equinix, Inc.",Real Estate,72596322675,9,1,10,90.0,80.0,Q1
EQR,Equity Residential,Real Estate,26288403959,7,3,10,70.0,40.0,Q3
ES,Eversource Energy,Utilities,28491515718,4,6,10,40.0,-20.0,Q3
ESS,"Essex Property Trust, Inc.",Real Estate,17048655455,6,4,10,60.0,20.0,Q4
ETN,Eaton Corporation plc,Industrials,70522632425,5,5,10,50.0,0.0,Q1
ETR,Entergy Corporation,Utilities,24102537826,5,5,10,50.0,0.0,Q3
EVRG,"Evergy, Inc.",Utilities,13767919216,8,2,10,80.0,60.0,Q4
EW,Edwards Lifesciences Corporation,Healthcare,50853036834,10,0,10,100.0,100.0,Q2
EXC,Exelon Corporation,Utilities,36963413947,7,3,10,70.0,40.0,Q2
EXPD,"Expeditors International of Washington, Inc.",Industrials,14690045876,8,2,10,80.0,60.0,Q4
EXPE,"Expedia Group, Inc.",Consumer Cyclical,15511091309,8,2,10,80.0,60.0,Q4
EXR,Extra Space Storage Inc.,Real Estate,31702264937,5,4,9,55.55555555555556,11.11111111111111,Q3
F,Ford Motor Company,Consumer Cyclical,46927810017,6,4,10,60.0,20.0,Q2
FANG,"Diamondback Energy, Inc.",Energy,34605907353,3,4,7,42.857142857142854,-14.285714285714285,Q2
FAST,Fastenal Company,Industrials,31425498398,6,4,10,60.0,20.0,Q3
FCX,Freeport-McMoRan Inc.,Basic Materials,49191801639,6,4,10,60.0,20.0,Q2
FDX,FedEx Corporation,Industrials,55880630129,8,2,10,80.0,60.0,Q2
FE,FirstEnergy Corp.,Utilities,22278114738,8,2,10,80.0,60.0,Q3
FFIV,"F5, Inc.",Technology,9882694033,8,2,10,80.0,60.0,Q4
FI,"Fiserv, Inc.",Technology,66657736523,8,2,10,80.0,60.0,Q2
FIS,"Fidelity National Information Services, Inc.",Technology,52453732258,8,2,10,80.0,60.0,Q2
FITB,Fifth Third Bancorp,Financial Services,22302494360,8,2,10,80.0,60.0,Q3
FMC,FMC Corporation,Basic Materials,11990562438,4,6,10,40.0,-20.0,Q4
FOX,Fox Corporation,Communication Services,7539093269,6,3,9,66.66666666666666,33.33333333333333,Q4
FOXA,Fox Corporation,Communication Services,7272957407,5,4,9,55.55555555555556,11.11111111111111,Q4
FRT,Federal Realty Investment Trust,Real Estate,8925702487,4,6,10,40.0,-20.0,Q4
FTNT,"Fortinet, Inc.",Technology,40439248488,7,3,10,70.0,40.0,Q2
FTV,Fortive Corporation,Technology,17465214637,7,3,10,70.0,40.0,Q4
GD,General Dynamics Corporation,Industrials,58058963630,4,6,10,40.0,-20.0,Q2
GE,General Electric Company,Industrials,84019381509,4,6,10,40.0,-20.0,Q1
GEN,Gen Digital Inc.,Technology,14106813471,4,6,10,40.0,-20.0,Q4
GILD,"Gilead Sciences, Inc.",Healthcare,89618188613,6,4,10,60.0,20.0,Q1
GIS,"General Mills, Inc.",Consumer Defensive,36441998140,7,2,9,77.77777777777779,55.55555555555556,Q2
GL,Globe Life Inc.,Financial Services,8248399969,5,5,10,50.0,0.0,Q4
GLW,Corning Incorporated,Technology,29967878552,8,2,10,80.0,60.0,Q3
GM,General Motors Company,Consumer Cyclical,39804480148,8,2,10,80.0,60.0,Q2
GOOG,Alphabet Inc.,Communication Services,654251007196,5,2,7,71.42857142857143,42.857142857142854,Q1
GOOGL,Alphabet Inc.,Communication Services,692694937911,7,3,10,70.0,40.0,Q1
GPC,Genuine Parts Company,Consumer Cyclical,18169157890,7,3,10,70.0,40.0,Q4
GPN,Global Payments Inc.,Industrials,34337626865,6,4,10,60.0,20.0,Q2
GRMN,Garmin Ltd.,Technology,23567332936,8,2,10,80.0,60.0,Q3
GS,"The Goldman Sachs Group, Inc.",Financial Services,104910797667,5,5,10,50.0,0.0,Q1
GWW,"W.W. Grainger, Inc.",Industrials,28600466376,3,7,10,30.0,-40.0,Q3
HAL,Halliburton Company,Energy,23989878792,6,4,10,60.0,20.0,Q3
HAS,"Hasbro, Inc.",Consumer Cyclical,10543706685,7,3,10,70.0,40.0,Q4
HBAN,Huntington Bancshares Incorporated,Financial Services,19164966974,8,2,10,80.0,60.0,Q3
HCA,"HCA Healthcare, Inc.",Healthcare,56060059696,3,7,10,30.0,-40.0,Q2
HD,"The Home Depot, Inc.",Consumer Cyclical,311107400033,6,4,10,60.0,20.0,Q1
HES,Hess Corporation,Energy,32422796421,4,6,10,40.0,-20.0,Q2
HIG,"The Hartford Financial Services Group, Inc.",Financial Services,20126948735,1,9,10,10.0,-80.0,Q3
HII,"Huntington Ingalls Industries, Inc.",Industrials,8405391684,9,1,10,90.0,80.0,Q4
HLT,Hilton Worldwide Holdings Inc.,Consumer Cyclical,34095463004,5,5,10,50.0,0.0,Q2
HOLX,"Hologic, Inc.",Healthcare,15858278992,9,1,10,90.0,80.0,Q4
HON,Honeywell International Inc.,Industrials,125808556747,6,4,10,60.0,20.0,Q1
HPE,Hewlett Packard Enterprise Company,Technology,19790011028,8,2,10,80.0,60.0,Q3
HPQ,HP Inc.,Technology,27144370175,7,2,9,77.77777777777779,55.55555555555556,Q3
HRL,Hormel Foods Corporation,Consumer Defensive,23477925657,4,6,10,40.0,-20.0,Q3
HSIC,"Henry Schein, Inc.",Healthcare,9083248156,4,6,10,40.0,-20.0,Q4
HST,"Host Hotels & Resorts, Inc.",Real Estate,11454349232,8,2,10,80.0,60.0,Q4
HSY,The Hershey Company,Consumer Defensive,28067703344,8,2,10,80.0,60.0,Q3
HUM,Humana Inc.,Healthcare,50750806386,5,5,10,50.0,0.0,Q2
HWM,Howmet Aerospace Inc.,Industrials,17450993297,6,4,10,60.0,20.0,Q4
IBM,International Business Machines Corporation,Technology,132767489017,6,4,10,60.0,20.0,Q1
ICE,"Intercontinental Exchange, Inc.",Financial Services,66564932737,5,5,10,50.0,0.0,Q2
IDXX,"IDEXX Laboratories, Inc.",Healthcare,37440417383,4,6,10,40.0,-20.0,Q2
IEX,IDEX Corporation,Industrials,15407024265,6,4,10,60.0,20.0,Q4
IFF,International Flavors & Fragrances Inc.,Basic Materials,28413592712,6,3,9,66.66666666666666,33.33333333333333,Q3
INCY,Incyte Corporation,Healthcare,14352681157,6,4,10,60.0,20.0,Q4
INTC,Intel Corporation,Technology,187075000381,10,0,10,100.0,100.0,Q1
INTU,Intuit Inc.,Technology,130885253579,7,3,10,70.0,40.0,Q1
IP,International Paper Company,Consumer Cyclical,22276344233,6,4,10,60.0,20.0,Q3
IPG,"The Interpublic Group of Companies, Inc.",Communication Services,10993566028,8,2,10,80.0,60.0,Q4
IQV,IQVIA Holdings Inc.,Healthcare,35947369983,9,1,10,90.0,80.0,Q2
IR,Ingersoll Rand Inc.,Industrials,23311508437,8,2,10,80.0,60.0,Q3
IRM,Iron Mountain Incorporated,Real Estate,16078013182,3,7,10,30.0,-40.0,Q4
ISRG,"Intuitive Surgical, Inc.",Healthcare,106768372816,7,3,10,70.0,40.0,Q1
IT,"Gartner, Inc.",Technology,23058445019,4,6,10,40.0,-20.0,Q3
ITW,Illinois Tool Works Inc.,Industrials,64908743390,4,6,10,40.0,-20.0,Q2
IVZ,Invesco Ltd.,Financial Services,7929852037,3,7,10,30.0,-40.0,Q4
J,Jacobs Engineering Group Inc.,Industrials,12380192294,5,4,9,55.55555555555556,11.11111111111111,Q4
JBHT,"J.B. Hunt Transport Services, Inc.",Industrials,16492843886,7,3,10,70.0,40.0,Q4
JCI,Johnson Controls International plc,Industrials,38615819387,7,3,10,70.0,40.0,Q2
JKHY,"Jack Henry & Associates, Inc.",Technology,12280978585,6,4,10,60.0,20.0,Q4
JNJ,Johnson & Johnson,Healthcare,384770658580,9,1,10,90.0,80.0,Q1
JNPR,"Juniper Networks, Inc.",Technology,9907803111,7,2,9,77.77777777777779,55.55555555555556,Q4
JPM,JPMorgan Chase & Co.,Financial Services,410800406667,7,3,10,70.0,40.0,Q1
K,Kellogg Company,Consumer Defensive,21648448540,3,7,10,30.0,-40.0,Q3
KEY,KeyCorp,Financial Services,18200842626,3,7,10,30.0,-40.0,Q3
KEYS,"Keysight Technologies, Inc.",Technology,24953625418,6,4,10,60.0,20.0,Q3
KHC,The Kraft Heinz Company,Consumer Defensive,42201457317,9,1,10,90.0,80.0,Q2
KIM,Kimco Realty Corporation,Real Estate,13122876080,7,3,10,70.0,40.0,Q4
KLAC,KLA Corporation,Technology,53969969704,2,8,10,20.0,-60.0,Q2
KMB,Kimberly-Clark Corporation,Consumer Defensive,44440399357,5,5,10,50.0,0.0,Q2
KMI,"Kinder Morgan, Inc.",Energy,39234170227,2,8,10,20.0,-60.0,Q2
KMX,"CarMax, Inc.",Consumer Cyclical,13718310738,4,4,8,50.0,0.0,Q4
KO,The Coca-Cola Company,Consumer Defensive,249210545601,6,4,10,60.0,20.0,Q1
KR,The Kroger Co.,Consumer Defensive,29126013778,4,6,10,40.0,-20.0,Q3
L,Loews Corporation,Financial Services,12210739263,6,4,10,60.0,20.0,Q4
LDOS,"Leidos Holdings, Inc.",Technology,13757234801,7,3,10,70.0,40.0,Q4
LEN,Lennar Corporation,Consumer Cyclical,23146573420,4,6,10,40.0,-20.0,Q3
LH,Laboratory Corporation of America Holdings,Healthcare,17093399278,6,4,10,60.0,20.0,Q4
LHX,"L3Harris Technologies, Inc.",Industrials,39242066870,5,3,8,62.5,25.0,Q2
LIN,Linde plc,Basic Materials,153905679644,6,4,10,60.0,20.0,Q1
LKQ,LKQ Corporation,Consumer Cyclical,11662613213,7,3,10,70.0,40.0,Q4
LLY,Eli Lilly and Company,Healthcare,350775722832,7,3,10,70.0,40.0,Q1
LMT,Lockheed Martin Corporation,Industrials,99396094782,8,2,10,80.0,60.0,Q1
LNT,Alliant Energy Corporation,Utilities,14015888207,6,4,10,60.0,20.0,Q4
LOW,"Lowe's Companies, Inc.",Consumer Cyclical,111209570401,4,5,9,44.44444444444444,-11.11111111111111,Q1
LRCX,Lam Research Corporation,Technology,73649646543,9,1,10,90.0,80.0,Q1
LUV,Southwest Airlines Co.,Industrials,22038739556,6,3,9,66.66666666666666,33.33333333333333,Q3
LVS,Las Vegas Sands Corp.,Consumer Cyclical,34214543897,7,3,10,70.0,40.0,Q2
LW,"Lamb Weston Holdings, Inc.",Consumer Defensive,11227705372,8,2,10,80.0,60.0,Q4
LYB,LyondellBasell Industries N.V.,Basic Materials,28957815287,7,3,10,70.0,40.0,Q3
LYV,"Live Nation Entertainment, Inc.",Communication Services,19565036131,7,2,9,77.77777777777779,55.55555555555556,Q3
MA,Mastercard Incorporated,Financial Services,336512029146,4,6,10,40.0,-20.0,Q1
MAA,"Mid-America Apartment Communities, Inc.",Real Estate,17837934091,8,2,10,80.0,60.0,Q4
MAR,"Marriott International, Inc.",Consumer Cyclical,46071104803,8,2,10,80.0,60.0,Q2
MAS,Masco Corporation,Industrials,12346050957,3,7,10,30.0,-40.0,Q4
MCD,McDonald's Corporation,Consumer Cyclical,178777750093,8,2,10,80.0,60.0,Q1
MCHP,Microchip Technology Incorporated,Technology,38894843640,5,5,10,50.0,0.0,Q2
MCK,McKesson Corporation,Healthcare,40689879725,6,4,10,60.0,20.0,Q2
MCO,Moody's Corporation,Financial Services,60042639488,5,5,10,50.0,0.0,Q2
MDLZ,"Mondelez International, Inc.",Consumer Defensive,82377394113,3,6,9,33.33333333333333,-33.33333333333333,Q1
MDT,Medtronic plc,Healthcare,124594179700,7,3,10,70.0,40.0,Q1
MET,"MetLife, Inc.",Financial Services,40873838902,5,5,10,50.0,0.0,Q2
META,"Meta Platforms, Inc.",Communication Services,653944203866,7,3,10,70.0,40.0,Q1
MGM,MGM Resorts International,Consumer Cyclical,9871396024,8,2,10,80.0,60.0,Q4
MHK,"Mohawk Industries, Inc.",Consumer Cyclical,8018953944,3,6,9,33.33333333333333,-33.33333333333333,Q4
MKC,"McCormick & Company, Incorporated",Consumer Defensive,21124490090,6,4,10,60.0,20.0,Q3
MKTX,MarketAxess Holdings Inc.,Financial Services,13026420152,5,4,9,55.55555555555556,11.11111111111111,Q4
MLM,"Martin Marietta Materials, Inc.",Basic Materials,23023671465,1,9,10,10.0,-80.0,Q3
MMC,"Marsh & McLennan Companies, Inc.",Financial Services,79387704285,5,5,10,50.0,0.0,Q1
MMM,3M Company,Industrials,64820082071,6,4,10,60.0,20.0,Q2
MNST,Monster Beverage Corporation,Consumer Defensive,45876507531,6,4,10,60.0,20.0,Q2
MO,"Altria Group, Inc.",Consumer Defensive,76747926205,6,4,10,60.0,20.0,Q1
MOS,The Mosaic Company,Basic Materials,10899045415,8,1,9,88.88888888888889,77.77777777777779,Q4
MPC,Marathon Petroleum Corporation,Energy,30153314795,4,6,10,40.0,-20.0,Q3
MRK,"Merck & Co., Inc.",Healthcare,235742363446,3,7,10,30.0,-40.0,Q1
MS,Morgan Stanley,Financial Services,133052588282,6,4,10,60.0,20.0,Q1
MSCI,MSCI Inc.,Financial Services,37279942543,7,3,10,70.0,40.0,Q2
MSFT,Microsoft Corporation,Technology,2186927792219,8,2,10,80.0,60.0,Q1
MSI,"Motorola Solutions, Inc.",Technology,42908757479,6,4,10,60.0,20.0,Q2
MTB,M&T Bank Corporation,Financial Services,23446238828,6,4,10,60.0,20.0,Q3
MTD,Mettler-Toledo International Inc.,Healthcare,25760739224,8,2,10,80.0,60.0,Q3
MU,"Micron Technology, Inc.",Technology,82978547122,9,1,10,90.0,80.0,Q1
NCLH,Norwegian Cruise Line Holdings Ltd.,Consumer Cyclical,9086245286,5,4,9,55.55555555555556,11.11111111111111,Q4
NDAQ,"Nasdaq, Inc.",Financial Services,31701761432,1,9,10,10.0,-80.0,Q3
NEE,"NextEra Energy, Inc.",Utilities,151678623042,7,3,10,70.0,40.0,Q1
NEM,Newmont Corporation,Basic Materials,58305116923,9,1,10,90.0,80.0,Q2
NFLX,"Netflix, Inc.",Communication Services,200106842969,7,3,10,70.0,40.0,Q1
NI,NiSource Inc.,Utilities,12753460216,6,4,10,60.0,20.0,Q4
NKE,"NIKE, Inc.",Consumer Cyclical,135256476550,5,5,10,50.0,0.0,Q1
NOC,Northrop Grumman Corporation,Industrials,59788612942,9,1,10,90.0,80.0,Q2
NOW,"ServiceNow, Inc.",Technology,116765854026,6,4,10,60.0,20.0,Q1
NRG,"NRG Energy, Inc.",Utilities,8865812341,5,5,10,50.0,0.0,Q4
NSC,Norfolk Southern Corporation,Industrials,52851448484,6,3,9,66.66666666666666,33.33333333333333,Q2
NTAP,"NetApp, Inc.",Technology,15509981378,4,6,10,40.0,-20.0,Q4
NTRS,Northern Trust Corporation,Financial Services,18177895152,6,4,10,60.0,20.0,Q3
NUE,Nucor Corporation,Basic Materials,27088991614,9,1,10,90.0,80.0,Q3
NVDA,NVIDIA Corporation,Technology,936366290618,9,1,10,90.0,80.0,Q1
NVR,"NVR, Inc.",Consumer Cyclical,15886498285,7,3,10,70.0,40.0,Q4
NWS,News Corporation,Communication Services,3895243420,5,5,10,50.0,0.0,Q4
NWSA,News Corporation,Communication Services,7682374670,7,3,10,70.0,40.0,Q4
O,Realty Income Corporation,Real Estate,55601951898,6,4,10,60.0,20.0,Q2
ODFL,"Old Dominion Freight Line, Inc.",Industrials,31391990494,6,4,10,60.0,20.0,Q3
OKE,"ONEOK, Inc.",Energy,38142246190,6,4,10,60.0,20.0,Q2
OMC,Omnicom Group Inc.,Communication Services,15155725678,8,2,10,80.0,60.0,Q4
ORCL,Oracle Corporation,Technology,256642010582,6,4,10,60.0,20.0,Q1
ORLY,"O'Reilly Automotive, Inc.",Consumer Cyclical,42108263433,8,2,10,80.0,60.0,Q2
OXY,Occidental Petroleum Corporation,Energy,44295457999,9,1,10,90.0,80.0,Q2
PARA,Paramount Global,Communication Services,15975855437,6,4,10,60.0,20.0,Q4
PAYX,"Paychex, Inc.",Industrials,39758948446,8,2,10,80.0,60.0,Q2
PCAR,PACCAR Inc,Industrials,37562469472,6,4,10,60.0,20.0,Q2
PEG,Public Service Enterprise Group Incorporated,Utilities,31530831109,5,4,9,55.55555555555556,11.11111111111111,Q3
PEP,"PepsiCo, Inc.",Consumer Defensive,220635601297,6,4,10,60.0,20.0,Q1
PFE,Pfizer Inc.,Healthcare,218006361753,6,4,10,60.0,20.0,Q1
PFG,"Principal Financial Group, Inc.",Financial Services,15235587519,5,5,10,50.0,0.0,Q4
PG,The Procter & Gamble Company,Consumer Defensive,341054568493,5,5,10,50.0,0.0,Q1
PGR,The Progressive Corporation,Financial Services,77033545865,5,5,10,50.0,0.0,Q1
PH,Parker-Hannifin Corporation,Industrials,43950518914,6,4,10,60.0,20.0,Q2
PHM,"PulteGroup, Inc.",Consumer Cyclical,13047970414,4,4,8,50.0,0.0,Q4
PKG,Packaging Corporation of America,Consumer Cyclical,13032901488,7,3,10,70.0,40.0,Q4
PLD,"Prologis, Inc.",Real Estate,109661565766,5,5,10,50.0,0.0,Q1
PM,Philip Morris International Inc.,Consumer Defensive,147327794310,7,3,10,70.0,40.0,Q1
PNC,"The PNC Financial Services Group, Inc.",Financial Services,61620786463,7,3,10,70.0,40.0,Q2
PNR,Pentair plc,Industrials,10117791886,2,7,9,22.22222222222222,-55.55555555555556,Q4
PNW,Pinnacle West Capital Corporation,Utilities,9273467671,9,1,10,90.0,80.0,Q4
PPG,"PPG Industries, Inc.",Basic Materials,30485311272,5,5,10,50.0,0.0,Q3
PPL,PPL Corporation,Utilities,20943249127,9,1,10,90.0,80.0,Q3
PRU,"Prudential Financial, Inc.",Financial Services,34109180746,9,1,10,90.0,80.0,Q2
PSA,Public Storage,Real Estate,49813408650,6,4,10,60.0,20.0,Q2
PSX,Phillips 66,Energy,39321183366,6,4,10,60.0,20.0,Q2
PWR,"Quanta Services, Inc.",Industrials,21283915936,6,4,10,60.0,20.0,Q3
PYPL,"PayPal Holdings, Inc.",Financial Services,126346674050,9,1,10,90.0,80.0,Q1
QCOM,QUALCOMM Incorporated,Technology,148852173871,6,4,10,60.0,20.0,Q1
RCL,Royal Caribbean Cruises Ltd.,Consumer Cyclical,24791399403,3,7,10,30.0,-40.0,Q3
REG,Regency Centers Corporation,Real Estate,10962895247,3,7,10,30.0,-40.0,Q4
REGN,"Regeneron Pharmaceuticals, Inc.",Healthcare,74390557764,7,1,8,87.5,75.0,Q1
RF,Regions Financial Corporation,Financial Services,17121519654,4,6,10,40.0,-20.0,Q4
RJF,"Raymond James Financial, Inc.",Financial Services,19056523433,4,6,10,40.0,-20.0,Q3
RL,Ralph Lauren Corporation,Consumer Cyclical,4686374410,7,3,10,70.0,40.0,Q4
RMD,ResMed Inc.,Healthcare,30647461640,6,3,9,66.66666666666666,33.33333333333333,Q3
ROK,"Rockwell Automation, Inc.",Industrials,29727258756,8,2,10,80.0,60.0,Q3
ROL,"Rollins, Inc.",Consumer Cyclical,18285082444,6,4,10,60.0,20.0,Q3
ROP,"Roper Technologies, Inc.",Industrials,49009868568,8,2,10,80.0,60.0,Q2
ROST,"Ross Stores, Inc.",Consumer Cyclical,37128372248,6,4,10,60.0,20.0,Q2
RSG,"Republic Services, Inc.",Industrials,42031173617,6,4,10,60.0,20.0,Q2
RTX,RTX Corporation,Industrials,118115528154,8,2,10,80.0,60.0,Q1
RVTY,"Revvity, Inc.",Healthcare,15235371712,6,4,10,60.0,20.0,Q4
SBAC,SBA Communications Corporation,Real Estate,29639902488,5,5,10,50.0,0.0,Q3
SBUX,Starbucks Corporation,Consumer Cyclical,107397728620,7,3,10,70.0,40.0,Q1
SCHW,The Charles Schwab Corporation,Financial Services,115310942791,8,2,10,80.0,60.0,Q1
SHW,The Sherwin-Williams Company,Basic Materials,66401398553,6,4,10,60.0,20.0,Q2
SJM,The J. M. Smucker Company,Consumer Defensive,13557049664,7,3,10,70.0,40.0,Q4
SLB,Schlumberger Limited,Energy,51696671465,8,2,10,80.0,60.0,Q2
SNA,Snap-on Incorporated,Industrials,11862347297,8,1,9,88.88888888888889,77.77777777777779,Q4
SNPS,"Synopsys, Inc.",Technology,54680340795,9,1,10,90.0,80.0,Q2
SO,The Southern Company,Utilities,75005454453,7,3,10,70.0,40.0,Q1
SPG,"Simon Property Group, Inc.",Real Estate,39158766389,5,5,10,50.0,0.0,Q2
SPGI,S&P Global Inc.,Financial Services,118057462937,6,4,10,60.0,20.0,Q1
SRE,Sempra,Utilities,46860859607,8,2,10,80.0,60.0,Q2
STE,STERIS plc,Healthcare,19879631833,7,3,10,70.0,40.0,Q3
STT,State Street Corporation,Financial Services,21863028900,5,5,10,50.0,0.0,Q3
STX,Seagate Technology Holdings plc,Technology,16002000275,8,2,10,80.0,60.0,Q4
STZ,"Constellation Brands, Inc.",Consumer Defensive,39976419246,4,5,9,44.44444444444444,-11.11111111111111,Q2
SWK,"Stanley Black & Decker, Inc.",Industrials,19697370097,4,6,10,40.0,-20.0,Q3
SWKS,"Skyworks Solutions, Inc.",Technology,18461338254,7,3,10,70.0,40.0,Q3
SYF,Synchrony Financial,Financial Services,14254886631,5,5,10,50.0,0.0,Q4
SYK,Stryker Corporation,Healthcare,100663909729,7,3,10,70.0,40.0,Q1
SYY,Sysco Corporation,Consumer Defensive,35996299071,8,2,10,80.0,60.0,Q2
T,AT&T Inc.,Communication Services,142779580739,6,4,10,60.0,20.0,Q1
TAP,Molson Coors Beverage Company,Consumer Defensive,9944756504,7,3,10,70.0,40.0,Q4
TDG,TransDigm Group Incorporated,Industrials,42565630820,6,4,10,60.0,20.0,Q2
TEL,TE Connectivity Ltd.,Technology,37595953612,5,5,10,50.0,0.0,Q2
TFC,Truist Financial Corporation,Financial Services,58803699403,6,4,10,60.0,20.0,Q2
TFX,Teleflex Incorporated,Healthcare,12980591150,9,1,10,90.0,80.0,Q4
TGT,Target Corporation,Consumer Defensive,75406110614,5,5,10,50.0,0.0,Q1
TJX,"The TJX Companies, Inc.",Consumer Cyclical,85220017134,7,3,10,70.0,40.0,Q1
TMO,Thermo Fisher Scientific Inc.,Healthcare,193799232402,9,1,10,90.0,80.0,Q1
TMUS,"T-Mobile US, Inc.",Communication Services,158464799740,4,6,10,40.0,-20.0,Q1
TPR,"Tapestry, Inc.",Consumer Cyclical,7409501847,5,4,9,55.55555555555556,11.11111111111111,Q4
TROW,"T. Rowe Price Group, Inc.",Financial Services,29532634202,9,1,10,90.0,80.0,Q3
TRV,"The Travelers Companies, Inc.",Financial Services,38168603681,5,3,8,62.5,25.0,Q2
TSCO,Tractor Supply Company,Consumer Cyclical,21241419758,5,5,10,50.0,0.0,Q3
TSN,"Tyson Foods, Inc.",Consumer Defensive,19189386447,5,5,10,50.0,0.0,Q3
TT,Trane Technologies plc,Industrials,43290169196,7,3,10,70.0,40.0,Q2
TTWO,"Take-Two Interactive Software, Inc.",Technology,27227692531,7,3,10,70.0,40.0,Q3
TXN,Texas Instruments Incorporated,Technology,153426133762,10,0,10,100.0,100.0,Q1
TXT,Textron Inc.,Industrials,11860391619,9,1,10,90.0,80.0,Q4
UAL,"United Airlines Holdings, Inc.",Industrials,15386048003,6,4,10,60.0,20.0,Q4
UDR,"UDR, Inc.",Real Estate,14320294628,8,1,9,88.88888888888889,77.77777777777779,Q4
UHS,"Universal Health Services, Inc.",Healthcare,8054087318,7,3,10,70.0,40.0,Q4
ULTA,"Ulta Beauty, Inc.",Consumer Cyclical,16779271591,3,7,10,30.0,-40.0,Q4
UNH,UnitedHealth Group Incorporated,Healthcare,407608442366,4,6,10,40.0,-20.0,Q1
UNP,Union Pacific Corporation,Industrials,128509285584,6,4,10,60.0,20.0,Q1
UPS,"United Parcel Service, Inc.",Industrials,120381207344,6,4,10,60.0,20.0,Q1
URI,"United Rentals, Inc.",Industrials,25139076320,9,1,10,90.0,80.0,Q3
USB,U.S. Bancorp,Financial Services,70880868330,5,5,10,50.0,0.0,Q1
V,Visa Inc.,Financial Services,389311657640,9,1,10,90.0,80.0,Q1
VLO,Valero Energy Corporation,Energy,32122690550,2,8,10,20.0,-60.0,Q3
VMC,Vulcan Materials Company,Basic Materials,24600271307,8,2,10,80.0,60.0,Q3
VRSK,"Verisk Analytics, Inc.",Industrials,28744764256,7,3,10,70.0,40.0,Q3
VRSN,"VeriSign, Inc.",Technology,18986865366,6,4,10,60.0,20.0,Q3
VRTX,Vertex Pharmaceuticals Incorporated,Healthcare,78043126944,5,4,9,55.55555555555556,11.11111111111111,Q1
VTR,"Ventas, Inc.",Real Estate,22218841778,6,4,10,60.0,20.0,Q3
VZ,Verizon Communications Inc.,Communication Services,199980600237,3,7,10,30.0,-40.0,Q1
WAB,Westinghouse Air Brake Technologies Corporation,Industrials,17441743243,6,4,10,60.0,20.0,Q4
WAT,Waters Corporation,Healthcare,17668207293,6,2,8,75.0,50.0,Q4
WBA,"Walgreens Boots Alliance, Inc.",Healthcare,30861072180,8,2,10,80.0,60.0,Q3
WDC,Western Digital Corporation,Technology,13883885397,8,2,10,80.0,60.0,Q4
WEC,"WEC Energy Group, Inc.",Utilities,29292778161,6,4,10,60.0,20.0,Q3
WELL,Welltower Inc.,Real Estate,53137668311,5,5,10,50.0,0.0,Q2
WFC,Wells Fargo & Company,Financial Services,144256638730,6,4,10,60.0,20.0,Q1
WM,"Waste Management, Inc.",Industrials,62749467475,4,6,10,40.0,-20.0,Q2
WMB,"The Williams Companies, Inc.",Energy,37458839836,7,3,10,70.0,40.0,Q2
WMT,Walmart Inc.,Consumer Defensive,411217354926,7,2,9,77.77777777777779,55.55555555555556,Q1
WRB,W. R. Berkley Corporation,Financial Services,15475284970,7,3,10,70.0,40.0,Q4
WTW,Willis Towers Watson Public Limited Company,Financial Services,22934401762,4,6,10,40.0,-20.0,Q3
WY,Weyerhaeuser Company,Real Estate,23328640546,8,2,10,80.0,60.0,Q3
WYNN,"Wynn Resorts, Limited",Consumer Cyclical,9689326115,3,7,10,30.0,-40.0,Q4
XEL,Xcel Energy Inc.,Utilities,37632872246,7,3,10,70.0,40.0,Q2
XOM,Exxon Mobil Corporation,Energy,358344696021,7,3,10,70.0,40.0,Q1
XYL,Xylem Inc.,Industrials,25433970973,5,5,10,50.0,0.0,Q3
YUM,"Yum! Brands, Inc.",Consumer Cyclical,33187206708,8,2,10,80.0,60.0,Q2
ZBH,"Zimmer Biomet Holdings, Inc.",Healthcare,25093316520,7,3,10,70.0,40.0,Q3
ZBRA,Zebra Technologies Corporation,Technology,17527320036,5,5,10,50.0,0.0,Q4
ZTS,Zoetis Inc.,Healthcare,76370877608,6,3,9,66.66666666666666,33.33333333333333,Q1
